{"stats":{"minecraft:killed_by":{"minecraft:zombie":1,"minecraft:player":1,"undead_revamp2:the_moonflower":1},"minecraft:used":{"apocalypsenow:dagger":40,"minecraft:torch":4,"minecraft:potion":8,"minecraft:glass_bottle":8,"minecraft:bread":6,"cgm:grenade":1,"apocalypsenow:chips":3},"minecraft:picked_up":{"tac:glock_17":2,"minecraft:bone":2,"apocalypsenow:human_flesh":4,"minecraft:torch":1,"tac:9mm_round":60},"minecraft:custom":{"minecraft:time_since_rest":4053,"minecraft:deaths":3,"minecraft:crouch_one_cm":3975,"minecraft:play_time":23049,"lootr:looted_stat":6,"minecraft:sprint_one_cm":83857,"minecraft:walk_one_cm":73410,"minecraft:damage_taken":1485,"minecraft:sneak_time":76,"minecraft:walk_under_water_one_cm":2495,"minecraft:mob_kills":2,"minecraft:drop":1,"minecraft:jump":430,"minecraft:damage_dealt":918,"minecraft:walk_on_water_one_cm":6613,"minecraft:time_since_death":4025,"minecraft:total_world_time":23049,"minecraft:climb_one_cm":790,"minecraft:swim_one_cm":19972,"minecraft:fall_one_cm":6094,"minecraft:fly_one_cm":75185},"minecraft:dropped":{"tac:glock_17":1},"minecraft:mined":{"minecraft:grass":1,"minecraft:jungle_leaves":1,"minecraft:oak_leaves":3,"minecraft:wall_torch":1},"minecraft:broken":{"minecraft:leather_chestplate":1},"minecraft:killed":{"undead_revamp2:thesmoker":1,"minecraft:zombie":2}},"DataVersion":2975}