{"stats":{"minecraft:killed_by":{"minecraft:player":1,"undead_revamp2:the_moonflower":1,"minecraft:zombie":1},"minecraft:used":{"apocalypsenow:baseball_bat":1,"minecraft:glass_bottle":8,"minecraft:bread":6,"cgm:grenade":1,"apocalypsenow:chips":3,"minecraft:torch":5,"apocalypsenow:dagger":40,"minecraft:potion":15,"alexsmobs:animal_dictionary":1},"minecraft:picked_up":{"firstaid:plaster":5,"tac:glock_17":2,"minecraft:iron_door":1,"apocalypsenow:coffee":3,"minecraft:torch":2,"minecraft:birch_planks":1,"apocalypsenow:orange_juice":1,"minecraft:potion":6,"apocalypsenow:vodka":2,"alexsmobs:animal_dictionary":1,"pfm:oak_gray_simple_bed":2,"create:sweet_roll":7,"apocalypsenow:porpsi":3,"minecraft:bone":2,"apocalypsenow:baseball_bat":1,"apocalypsenow:human_flesh":6,"farmersdelight:hamburger":1,"tac:9mm_round":60},"minecraft:custom":{"minecraft:time_since_rest":16053,"lootr:looted_stat":7,"minecraft:sprint_one_cm":92353,"minecraft:damage_taken":1515,"minecraft:walk_one_cm":98164,"minecraft:mob_kills":2,"minecraft:fridge_opened":1,"minecraft:drop":2,"minecraft:damage_dealt":918,"minecraft:swim_one_cm":19972,"minecraft:freezer_opened":1,"minecraft:fly_one_cm":88048,"minecraft:crouch_one_cm":4304,"minecraft:play_time":35049,"minecraft:deaths":3,"minecraft:sneak_time":79,"minecraft:walk_under_water_one_cm":2495,"minecraft:jump":534,"minecraft:drawer_searched":1,"minecraft:time_since_death":15980,"minecraft:walk_on_water_one_cm":6613,"minecraft:climb_one_cm":790,"minecraft:total_world_time":35049,"minecraft:fall_one_cm":7745},"minecraft:dropped":{"alexsmobs:animal_dictionary":1,"tac:glock_17":1},"minecraft:mined":{"minecraft:birch_planks":1,"minecraft:jungle_leaves":1,"minecraft:grass":1,"pfm:oak_gray_simple_bed":2,"minecraft:oak_leaves":3,"minecraft:wall_torch":2},"minecraft:broken":{"minecraft:leather_chestplate":1},"minecraft:killed":{"minecraft:zombie":2,"undead_revamp2:thesmoker":1}},"DataVersion":2975}