{"stats":{"minecraft:killed_by":{"minecraft:player":1,"undead_revamp2:the_moonflower":1,"minecraft:zombie":1,"undead_revamp2:thesmoker":1},"minecraft:used":{"pfm:oak_gray_simple_bed":1,"minecraft:flint_and_steel":45,"minecraft:glass_bottle":14,"apocalypsenow:chips":7,"minecraft:torch":15,"minecraft:dirt":10,"simplylight:illuminant_block":1,"apocalypsenow:coke":4,"apocalypsenow:iron_baseball_bat":22,"apocalypsenow:baseball_bat":32,"minecraft:bread":6,"cgm:grenade":1,"farmersdelight:tomato_sauce":1,"apocalypsenow:dagger":225,"minecraft:potion":27,"apocalypsenow:porpsi":7,"apocalypsenow:peach_juice":5,"alexsmobs:animal_dictionary":1,"apocalypsenow:human_flesh":1,"create:bar_of_chocolate":6,"farmersdelight:hamburger":1,"farmersdelight:roast_chicken_block":1},"minecraft:picked_up":{"tac:round45":3,"tac:glock_17":3,"minecraft:iron_door":1,"apocalypsenow:coffee":3,"minecraft:potato":2,"minecraft:birch_planks":1,"apocalypsenow:orange_juice":1,"minecraft:potion":6,"farmersdelight:roast_chicken_block":2,"create:bar_of_chocolate":2,"minecraft:string":14,"minecraft:dirt":12,"pfm:oak_gray_simple_bed":5,"create:sweet_roll":7,"minecraft:bone":16,"apocalypsenow:human_flesh":13,"minecraft:glass_bottle":1,"tac:9mm_round":122,"simplylight:illuminant_block":1,"firstaid:plaster":5,"apocalypsenow:small_can":1,"minecraft:torch":3,"apocalypsenow:vodka":2,"apocalypsenow:dagger":1,"alexsmobs:animal_dictionary":1,"apocalypsenow:porpsi":3,"minecraft:rotten_flesh":17,"apocalypsenow:baseball_bat":1,"immersiveengineering:seed":1,"farmersdelight:hamburger":1,"quark:gray_shard":13},"minecraft:custom":{"lootr:looted_stat":18,"minecraft:mob_kills":42,"minecraft:stove_opened":1,"minecraft:damage_dealt_resisted":703,"minecraft:leave_game":2,"minecraft:time_since_death":10220,"minecraft:sleep_in_bed":1,"minecraft:climb_one_cm":8882,"minecraft:cabinet_searched":1,"minecraft:time_since_rest":10248,"minecraft:sprint_one_cm":255347,"minecraft:damage_taken":3432,"minecraft:walk_one_cm":221332,"minecraft:fridge_opened":4,"minecraft:drop":16,"minecraft:damage_dealt":4579,"minecraft:damage_dealt_absorbed":79,"minecraft:swim_one_cm":19972,"minecraft:fly_one_cm":293242,"minecraft:freezer_opened":3,"minecraft:crouch_one_cm":13897,"minecraft:play_time":83510,"minecraft:deaths":6,"minecraft:sneak_time":1387,"minecraft:walk_under_water_one_cm":2495,"minecraft:jump":1683,"minecraft:drawer_searched":2,"minecraft:walk_on_water_one_cm":12801,"minecraft:total_world_time":83510,"minecraft:fall_one_cm":27191},"minecraft:dropped":{"alexsmobs:animal_dictionary":1,"tac:glock_17":1,"minecraft:rotten_flesh":15,"quark:gray_shard":7,"minecraft:potato":2,"create:bar_of_chocolate":2,"pfm:oak_gray_simple_bed":2,"minecraft:string":10,"immersiveengineering:seed":1,"minecraft:bone":8,"apocalypsenow:human_flesh":8},"minecraft:mined":{"minecraft:dark_oak_planks":1,"farmersdelight:roast_chicken_block":2,"minecraft:jungle_leaves":1,"minecraft:torch":1,"minecraft:grass_block":12,"minecraft:gray_stained_glass":10,"minecraft:wall_torch":2,"minecraft:birch_planks":1,"minecraft:fire":2,"minecraft:grass":2,"create:vertical_framed_glass_pane":2,"minecraft:dirt":1,"pfm:oak_gray_simple_bed":3,"simplylight:illuminant_block":1,"minecraft:oak_leaves":3,"create:dark_oak_window_pane":2},"minecraft:broken":{"apocalypsenow:baseball_bat":1,"minecraft:leather_chestplate":1},"minecraft:killed":{"minecraft:husk":7,"undead_revamp2:thesmoker":3,"minecraft:zombie":10,"zombie_extreme:infected_police":1,"zombie_extreme:runner":1}},"DataVersion":2975}