{"stats":{"minecraft:killed_by":{"minecraft:player":1,"undead_revamp2:the_moonflower":1,"minecraft:zombie":1},"minecraft:used":{"farmersdelight:roast_chicken_block":1,"pfm:oak_gray_simple_bed":1,"minecraft:flint_and_steel":19,"minecraft:glass_bottle":14,"apocalypsenow:chips":7,"minecraft:torch":15,"minecraft:dirt":10,"simplylight:illuminant_block":1,"apocalypsenow:coke":1,"minecraft:bread":6,"apocalypsenow:baseball_bat":1,"cgm:grenade":1,"farmersdelight:tomato_sauce":1,"apocalypsenow:dagger":225,"minecraft:potion":19,"apocalypsenow:peach_juice":5,"alexsmobs:animal_dictionary":1,"farmersdelight:hamburger":1},"minecraft:picked_up":{"tac:round45":3,"tac:glock_17":3,"minecraft:iron_door":1,"apocalypsenow:coffee":3,"minecraft:potato":2,"apocalypsenow:orange_juice":1,"minecraft:birch_planks":1,"minecraft:potion":6,"farmersdelight:roast_chicken_block":2,"minecraft:string":12,"minecraft:dirt":10,"create:sweet_roll":7,"pfm:oak_gray_simple_bed":3,"minecraft:bone":14,"apocalypsenow:human_flesh":6,"tac:9mm_round":122,"simplylight:illuminant_block":1,"firstaid:plaster":5,"apocalypsenow:small_can":1,"minecraft:torch":3,"apocalypsenow:vodka":2,"apocalypsenow:dagger":1,"alexsmobs:animal_dictionary":1,"apocalypsenow:porpsi":3,"minecraft:rotten_flesh":16,"apocalypsenow:baseball_bat":1,"immersiveengineering:seed":1,"farmersdelight:hamburger":1},"minecraft:custom":{"lootr:looted_stat":15,"minecraft:mob_kills":39,"minecraft:stove_opened":1,"minecraft:damage_dealt_resisted":699,"minecraft:leave_game":1,"minecraft:time_since_death":43072,"minecraft:sleep_in_bed":1,"minecraft:climb_one_cm":1818,"minecraft:cabinet_searched":1,"minecraft:time_since_rest":22812,"minecraft:sprint_one_cm":156010,"minecraft:walk_one_cm":175109,"minecraft:damage_taken":2272,"minecraft:fridge_opened":4,"minecraft:drop":10,"minecraft:damage_dealt":3519,"minecraft:damage_dealt_absorbed":79,"minecraft:swim_one_cm":19972,"minecraft:fly_one_cm":170976,"minecraft:freezer_opened":3,"minecraft:crouch_one_cm":8225,"minecraft:play_time":62141,"minecraft:deaths":3,"minecraft:sneak_time":1248,"minecraft:walk_under_water_one_cm":2495,"minecraft:jump":1045,"minecraft:drawer_searched":2,"minecraft:walk_on_water_one_cm":12076,"minecraft:total_world_time":62141,"minecraft:fall_one_cm":16371},"minecraft:dropped":{"alexsmobs:animal_dictionary":1,"tac:glock_17":1,"minecraft:rotten_flesh":15,"minecraft:potato":2,"minecraft:string":10,"immersiveengineering:seed":1,"minecraft:bone":8},"minecraft:mined":{"farmersdelight:roast_chicken_block":2,"minecraft:jungle_leaves":1,"minecraft:torch":1,"minecraft:grass_block":10,"minecraft:wall_torch":2,"minecraft:birch_planks":1,"minecraft:fire":2,"minecraft:grass":2,"create:vertical_framed_glass_pane":2,"minecraft:dirt":1,"pfm:oak_gray_simple_bed":3,"simplylight:illuminant_block":1,"create:dark_oak_window_pane":2,"minecraft:oak_leaves":3,"minecraft:dark_oak_planks":1},"minecraft:broken":{"minecraft:leather_chestplate":1},"minecraft:killed":{"minecraft:husk":7,"undead_revamp2:thesmoker":3,"minecraft:zombie":7,"zombie_extreme:infected_police":1,"zombie_extreme:runner":1}},"DataVersion":2975}