{"stats":{"minecraft:used":{"minecraft:potion":2},"minecraft:picked_up":{"tac:glock_17":2,"tac:9mm_round":60},"minecraft:custom":{"minecraft:jump":98,"minecraft:time_since_rest":11049,"lootr:looted_stat":6,"minecraft:crouch_one_cm":90,"minecraft:damage_taken":12,"minecraft:sprint_one_cm":28747,"minecraft:play_time":11049,"minecraft:time_since_death":11049,"minecraft:walk_one_cm":35409,"minecraft:sneak_time":68,"minecraft:climb_one_cm":394,"minecraft:total_world_time":11049,"minecraft:drop":1,"minecraft:fall_one_cm":1732,"minecraft:fly_one_cm":15158},"minecraft:dropped":{"tac:glock_17":1}},"DataVersion":2975}