{"stats":{"minecraft:killed_by":{"minecraft:player":1,"undead_revamp2:the_moonflower":1,"minecraft:zombie":1},"minecraft:used":{"minecraft:flint_and_steel":2,"apocalypsenow:baseball_bat":1,"minecraft:glass_bottle":10,"minecraft:bread":6,"cgm:grenade":1,"apocalypsenow:chips":3,"minecraft:torch":10,"apocalypsenow:dagger":187,"minecraft:dirt":4,"minecraft:potion":15,"apocalypsenow:peach_juice":5,"simplylight:illuminant_block":1,"alexsmobs:animal_dictionary":1,"apocalypsenow:coke":1},"minecraft:picked_up":{"tac:round45":3,"firstaid:plaster":5,"tac:glock_17":3,"minecraft:iron_door":1,"apocalypsenow:coffee":3,"apocalypsenow:small_can":1,"minecraft:torch":3,"minecraft:potato":2,"minecraft:birch_planks":1,"apocalypsenow:orange_juice":1,"minecraft:potion":6,"apocalypsenow:vodka":2,"minecraft:dirt":7,"minecraft:string":10,"apocalypsenow:dagger":1,"alexsmobs:animal_dictionary":1,"pfm:oak_gray_simple_bed":2,"create:sweet_roll":7,"apocalypsenow:porpsi":3,"minecraft:bone":10,"minecraft:rotten_flesh":15,"apocalypsenow:baseball_bat":1,"immersiveengineering:seed":1,"apocalypsenow:human_flesh":6,"farmersdelight:hamburger":1,"simplylight:illuminant_block":1,"tac:9mm_round":122},"minecraft:custom":{"minecraft:cabinet_searched":1,"minecraft:time_since_rest":7720,"lootr:looted_stat":8,"minecraft:sprint_one_cm":98555,"minecraft:damage_taken":1865,"minecraft:walk_one_cm":142869,"minecraft:mob_kills":37,"minecraft:fridge_opened":2,"minecraft:drop":10,"minecraft:damage_dealt":3128,"minecraft:damage_dealt_absorbed":79,"minecraft:swim_one_cm":19972,"minecraft:freezer_opened":3,"minecraft:fly_one_cm":97620,"minecraft:stove_opened":1,"minecraft:crouch_one_cm":4304,"minecraft:play_time":47049,"minecraft:deaths":3,"minecraft:sneak_time":93,"minecraft:walk_under_water_one_cm":2495,"minecraft:damage_dealt_resisted":699,"minecraft:jump":697,"minecraft:drawer_searched":2,"minecraft:time_since_death":27980,"minecraft:walk_on_water_one_cm":12076,"minecraft:sleep_in_bed":1,"minecraft:climb_one_cm":1237,"minecraft:total_world_time":47049,"minecraft:fall_one_cm":9738},"minecraft:dropped":{"minecraft:potato":2,"alexsmobs:animal_dictionary":1,"tac:glock_17":1,"minecraft:rotten_flesh":15,"minecraft:string":10,"immersiveengineering:seed":1,"minecraft:bone":8},"minecraft:mined":{"minecraft:birch_planks":1,"minecraft:fire":2,"minecraft:jungle_leaves":1,"minecraft:torch":1,"minecraft:grass_block":7,"minecraft:grass":2,"create:vertical_framed_glass_pane":2,"pfm:oak_gray_simple_bed":2,"simplylight:illuminant_block":1,"minecraft:oak_leaves":3,"minecraft:wall_torch":2},"minecraft:broken":{"minecraft:leather_chestplate":1},"minecraft:killed":{"minecraft:husk":7,"minecraft:zombie":6,"zombie_extreme:infected_police":1,"undead_revamp2:thesmoker":3}},"DataVersion":2975}