{"stats":{"minecraft:used":{"create:polished_cut_calcite_wall":1},"minecraft:picked_up":{"create:polished_cut_calcite_wall":1},"minecraft:custom":{"minecraft:jump":107,"minecraft:time_since_rest":4935,"minecraft:crouch_one_cm":28,"minecraft:sprint_one_cm":4661,"minecraft:play_time":4935,"minecraft:damage_taken":10,"minecraft:time_since_death":4935,"minecraft:walk_one_cm":12521,"minecraft:sneak_time":58,"minecraft:climb_one_cm":857,"minecraft:total_world_time":4935,"minecraft:fall_one_cm":1529,"minecraft:fly_one_cm":9836}},"DataVersion":2975}