{"stats":{"minecraft:used":{"apocalypsenow:hand_axe":10,"minecraft:bread":2,"minecraft:stone_pickaxe":63,"minecraft:wooden_pickaxe":17,"minecraft:torch":2,"minecraft:dirt":2,"minecraft:sand":1,"minecraft:potion":3,"minecraft:crafting_table":1,"create:polished_cut_calcite_wall":1},"minecraft:picked_up":{"tac:glock_17":1,"embellishcraft:smooth_marble":2,"car:key":1,"minecraft:wooden_pickaxe":2,"minecraft:sand":1,"minecraft:oak_log":2,"minecraft:string":4,"minecraft:dirt":7,"minecraft:bone":4,"minecraft:rotten_flesh":2,"minecraft:stone_bricks":2,"immersiveengineering:seed":1,"tac:9mm_round":60,"create:polished_cut_calcite_wall":1,"minecraft:cobblestone":66},"minecraft:custom":{"minecraft:time_since_rest":22673,"lootr:looted_stat":7,"minecraft:sprint_one_cm":26275,"minecraft:damage_taken":315,"minecraft:walk_one_cm":68544,"minecraft:mob_kills":2,"minecraft:drop":12,"minecraft:damage_dealt":630,"minecraft:interact_with_crafting_table":5,"minecraft:fly_one_cm":52360,"minecraft:crouch_one_cm":938,"minecraft:play_time":22673,"minecraft:sneak_time":335,"minecraft:jump":281,"minecraft:leave_game":1,"minecraft:time_since_death":22673,"minecraft:climb_one_cm":1146,"minecraft:total_world_time":22673,"minecraft:fall_one_cm":4226,"minecraft:horse_one_cm":346},"minecraft:crafted":{"minecraft:air":14},"minecraft:dropped":{"car:key":3,"minecraft:glass_bottle":3,"embellishcraft:smooth_marble":2,"minecraft:rotten_flesh":2,"minecraft:wooden_pickaxe":2},"minecraft:mined":{"embellishcraft:air_duct":2,"minecraft:dark_oak_leaves":1,"minecraft:grass":1,"embellishcraft:smooth_marble":1,"minecraft:grass_block":1,"minecraft:oak_log":2,"minecraft:sand":1,"minecraft:dirt":6,"minecraft:stone":66,"minecraft:stone_bricks":2,"minecraft:oak_leaves":1,"minecraft:spawner":2},"minecraft:killed":{"minecraft:zombie":2}},"DataVersion":2975}