{"stats":{"minecraft:killed_by":{"undead_revamp2:thesmoker":1},"minecraft:used":{"farmersdelight:shepherds_pie":3,"pfm:oak_brown_simple_bed":10,"apocalypsenow:butterfly_knife":11,"minecraft:iron_bars":2,"minecraft:stone_sword":123,"quark:framed_glass_pane":1,"minecraft:stone_pickaxe":11,"minecraft:wooden_pickaxe":48,"minecraft:iron_sword":109,"embellishcraft:air_duct":1,"minecraft:rotten_flesh":3,"minecraft:torch":8,"minecraft:dirt":7,"apocalypsenow:apple_juice":1,"minecraft:crafting_table":2,"embellishcraft:smooth_marble":2,"minecraft:bread":8,"minecraft:gravel":2,"minecraft:stone_bricks":3,"minecraft:stone_axe":74,"quark:blossom_chest":2,"minecraft:potion":5,"minecraft:cobblestone":4,"minecraft:iron_trapdoor":2,"apocalypsenow:peach_juice":2,"create:polished_cut_calcite_wall":3,"apocalypsenow:cereal":3,"minecraft:egg":2,"quark:smooth_stone_vertical_slab":4,"apocalypsenow:human_flesh":1},"minecraft:picked_up":{"tac:round45":2,"minecraft:crafting_table":2,"minecraft:leather_chestplate":1,"apocalypsenow:peach_juice":2,"minecraft:iron_trapdoor":2,"apocalypsenow:cereal":3,"minecraft:oak_log":4,"minecraft:dirt":15,"minecraft:string":29,"minecraft:stripped_birch_log":16,"minecraft:bone":16,"minecraft:stone_bricks":3,"apocalypsenow:human_flesh":7,"apocalypsenow:construction_boots":1,"tac:9mm_round":4,"create:polished_cut_calcite_wall":3,"minecraft:oak_planks":1,"apocalypsenow:red_football_armor_helmet":1,"quark:smooth_stone_vertical_slab":4,"embellishcraft:smooth_marble":2,"minecraft:torch":69,"minecraft:gravel":2,"minecraft:rotten_flesh":4,"immersiveengineering:seed":1,"pfm:oak_brown_simple_bed":12,"quark:framed_glass_pane":1,"embellishcraft:air_duct":1,"quark:blossom_chest":2,"minecraft:iron_bars":2,"minecraft:cobblestone":27},"minecraft:custom":{"lootr:looted_stat":12,"minecraft:mob_kills":51,"minecraft:interact_with_crafting_table":9,"minecraft:microwave_used":1,"minecraft:stove_opened":1,"minecraft:leave_game":1,"minecraft:time_since_death":18567,"minecraft:sleep_in_bed":3,"minecraft:climb_one_cm":136,"minecraft:time_since_rest":7720,"minecraft:sprint_one_cm":71142,"minecraft:damage_taken":1641,"minecraft:walk_one_cm":244671,"minecraft:fridge_opened":2,"minecraft:drop":37,"minecraft:damage_dealt":13500,"minecraft:freezer_opened":1,"minecraft:fly_one_cm":36473,"minecraft:player_kills":1,"minecraft:open_chest":3,"minecraft:crouch_one_cm":8695,"minecraft:play_time":53269,"minecraft:deaths":2,"minecraft:sneak_time":1906,"minecraft:jump":326,"minecraft:total_world_time":53269,"minecraft:fall_one_cm":5833},"minecraft:crafted":{"minecraft:iron_sword":1,"minecraft:stone_axe":1,"minecraft:air":39,"minecraft:stone_pickaxe":1},"minecraft:dropped":{"apocalypsenow:human_flesh":6,"minecraft:stone_sword":1,"minecraft:bowl":3,"tac:glock_17":6,"minecraft:rotten_flesh":1,"apocalypsenow:cereal":3,"minecraft:oak_planks":2,"apocalypsenow:red_football_armor_helmet":1,"quark:blossom_chest":2,"minecraft:leather_chestplate":4,"firstaid:bandage":1,"minecraft:torch":67,"minecraft:wooden_pickaxe":1,"tac:9mm_round":360,"immersiveengineering:seed":1,"farmersdelight:shepherds_pie":1,"artifacts:bunny_hoppers":1},"minecraft:mined":{"quark:smooth_stone_vertical_slab":5,"embellishcraft:air_duct":1,"minecraft:stripped_birch_log":16,"minecraft:crafting_table":2,"minecraft:grass_block":3,"quark:framed_glass_pane":1,"create:polished_cut_calcite_wall":5,"pfm:oak_brown_simple_bed":12,"minecraft:iron_door":2,"minecraft:wall_torch":2,"minecraft:spawner":5,"quark:blossom_chest":2,"minecraft:grass":2,"embellishcraft:smooth_marble":2,"minecraft:oak_log":4,"minecraft:iron_bars":2,"minecraft:dirt":12,"minecraft:gravel":2,"minecraft:cobweb":7,"minecraft:stone_bricks":3,"minecraft:stone":27,"create:dark_oak_window_pane":3,"minecraft:oak_leaves":2,"minecraft:iron_trapdoor":2},"minecraft:broken":{"minecraft:stone_axe":1,"minecraft:stone_sword":1,"minecraft:wooden_pickaxe":1},"minecraft:killed":{"minecraft:husk":7,"minecraft:zombie_villager":1,"undead_revamp2:the_moonflower":2,"undead_revamp2:thesmoker":2,"undead_revamp2:bomber":2,"minecraft:zombie":35,"undead_revamp2:thepregnant":1}},"DataVersion":2975}