{"stats":{"minecraft:killed_by":{"minecraft:player":2,"undead_revamp2:thesmoker":4},"minecraft:used":{"pfm:oak_brown_simple_bed":18,"apocalypsenow:butterfly_knife":11,"minecraft:iron_bars":2,"minecraft:stone_sword":123,"minecraft:stone_shovel":12,"minecraft:iron_sword":202,"embellishcraft:air_duct":1,"minecraft:rotten_flesh":3,"minecraft:torch":19,"minecraft:dirt":12,"apocalypsenow:apple_juice":1,"apocalypsenow:red_lumberjack_axe":26,"embellishcraft:smooth_marble":2,"apocalypsenow:heavy_machete":89,"minecraft:stone_bricks":3,"quark:blossom_chest":2,"minecraft:iron_trapdoor":2,"create:polished_cut_calcite_wall":3,"minecraft:egg":2,"farmersdelight:shepherds_pie":3,"quark:framed_glass_pane":1,"minecraft:stone_pickaxe":73,"minecraft:wooden_pickaxe":48,"cfm:stripped_birch_blinds":1,"minecraft:crafting_table":3,"minecraft:bread":8,"minecraft:gravel":2,"pfm:dark_oak_green_simple_bed":3,"minecraft:stone_axe":85,"minecraft:cobblestone":4,"minecraft:potion":9,"apocalypsenow:peach_juice":2,"apocalypsenow:human_flesh":1,"apocalypsenow:construction_boots":1,"apocalypsenow:cereal":3,"farmersdelight:fruit_salad":1,"quark:smooth_stone_vertical_slab":4},"minecraft:picked_up":{"minecraft:crafting_table":2,"minecraft:iron_trapdoor":2,"minecraft:string":96,"minecraft:raw_copper":29,"apocalypsenow:construction_boots":2,"farmersdelight:cod_slice":8,"embellishcraft:smooth_marble":2,"minecraft:torch":70,"sophisticatedbackpacks:backpack":1,"minecraft:rotten_flesh":38,"pfm:oak_brown_simple_bed":18,"quark:blossom_chest":2,"cfm:stripped_birch_blinds":1,"minecraft:iron_bars":2,"minecraft:cobblestone":52,"tac:round45":2,"minecraft:leather_chestplate":1,"apocalypsenow:peach_juice":2,"apocalypsenow:cereal":3,"minecraft:oak_log":4,"minecraft:stripped_birch_log":16,"minecraft:dirt":29,"minecraft:bone":58,"apocalypsenow:garden_fork":1,"minecraft:stone_bricks":3,"apocalypsenow:human_flesh":15,"apocalypsenow:money":1,"create:polished_cut_calcite_wall":3,"tac:9mm_round":9,"minecraft:oak_planks":1,"apocalypsenow:red_football_armor_helmet":1,"quark:smooth_stone_vertical_slab":4,"minecraft:gravel":2,"immersiveengineering:seed":1,"quark:framed_glass_pane":1,"apocalypsenow:blue_football_armor_chestplate":1,"embellishcraft:air_duct":1,"create:framed_glass_door":1,"pfm:dark_oak_green_simple_bed":4,"minecraft:coal":22},"minecraft:custom":{"lootr:looted_stat":18,"minecraft:mob_kills":92,"minecraft:interact_with_crafting_table":12,"minecraft:open_barrel":4,"minecraft:microwave_used":1,"minecraft:damage_dealt_resisted":734,"minecraft:leave_game":1,"minecraft:time_since_death":7760,"minecraft:climb_one_cm":1990,"minecraft:sprint_one_cm":134595,"minecraft:walk_one_cm":431937,"minecraft:fridge_opened":2,"minecraft:drop":59,"minecraft:talked_to_villager":1,"minecraft:play_time":89269,"minecraft:sneak_time":2443,"minecraft:deaths":7,"minecraft:walk_under_water_one_cm":1452,"minecraft:jump":835,"minecraft:walk_on_water_one_cm":3284,"minecraft:total_world_time":89269,"minecraft:traded_with_villager":1,"minecraft:stove_opened":1,"minecraft:sleep_in_bed":5,"minecraft:time_since_rest":7787,"minecraft:damage_taken":3063,"minecraft:damage_dealt":22838,"minecraft:fly_one_cm":102638,"minecraft:freezer_opened":1,"minecraft:player_kills":3,"minecraft:open_chest":3,"minecraft:crouch_one_cm":14171,"minecraft:fall_one_cm":13006},"minecraft:crafted":{"minecraft:stone_shovel":1,"minecraft:stone_pickaxe":1,"minecraft:iron_sword":1,"apocalypsenow:construction_boots":1,"minecraft:stone_axe":2,"tac:9mm_round":12,"minecraft:air":56,"minecraft:stone_sword":1},"minecraft:dropped":{"apocalypsenow:human_flesh":14,"tac:glock_17":6,"apocalypsenow:cereal":3,"minecraft:stick":4,"apocalypsenow:blue_football_armor_chestplate":1,"farmersdelight:cod_slice":8,"firstaid:bandage":1,"minecraft:torch":68,"farmersdelight:shepherds_pie":1,"artifacts:bunny_hoppers":1,"minecraft:stone_sword":1,"minecraft:bowl":4,"minecraft:rotten_flesh":33,"minecraft:oak_planks":2,"sophisticatedbackpacks:backpack":1,"apocalypsenow:red_football_armor_helmet":1,"quark:blossom_chest":2,"pfm:dark_oak_green_simple_bed":1,"minecraft:leather_chestplate":4,"apocalypsenow:serrated_machete":1,"apocalypsenow:garden_fork":2,"minecraft:wooden_pickaxe":1,"tac:9mm_round":360,"firstaid:plaster":7,"immersiveengineering:seed":1},"minecraft:mined":{"pfm:dark_oak_green_simple_bed":4,"embellishcraft:air_duct":1,"minecraft:stripped_birch_log":16,"minecraft:grass_block":12,"create:polished_cut_calcite_wall":5,"pfm:oak_brown_simple_bed":18,"minecraft:spawner":6,"quark:blossom_chest":2,"cfm:stripped_birch_blinds":1,"minecraft:iron_bars":2,"minecraft:stone":52,"create:dark_oak_window_pane":5,"quark:smooth_stone_vertical_slab":5,"minecraft:crafting_table":3,"minecraft:torch":1,"create:framed_glass_door":1,"minecraft:melon":1,"quark:framed_glass_pane":1,"embellishcraft:gneiss_large_bricks_wall":2,"minecraft:copper_ore":8,"minecraft:oak_planks":1,"minecraft:iron_door":2,"minecraft:wall_torch":2,"minecraft:grass":6,"embellishcraft:smooth_marble":2,"minecraft:oak_log":4,"minecraft:coal_ore":22,"minecraft:gravel":2,"minecraft:dirt":17,"minecraft:cobweb":12,"minecraft:stone_bricks":3,"minecraft:oak_leaves":2,"minecraft:iron_trapdoor":2,"minecraft:fern":2},"minecraft:broken":{"minecraft:stone_sword":1,"minecraft:wooden_pickaxe":1,"minecraft:stone_axe":1,"apocalypsenow:red_lumberjack_axe":1},"minecraft:killed":{"undead_revamp2:thesmoker":9,"undead_revamp2:bomber":2,"zombiemobs:zombie_wolf":1,"minecraft:drowned":1,"undead_revamp2:thepregnant":1,"zombie_extreme:runner":1,"zombie_extreme:crawler":2,"minecraft:husk":16,"minecraft:zombie_villager":1,"undead_revamp2:the_moonflower":2,"minecraft:zombie":52,"alexsmobs:fly":1}},"DataVersion":2975}