{"stats":{"minecraft:used":{"create:polished_cut_calcite_wall":3,"minecraft:wooden_pickaxe":8,"minecraft:iron_bars":2},"minecraft:picked_up":{"create:polished_cut_calcite_wall":3,"minecraft:iron_bars":2},"minecraft:custom":{"minecraft:jump":21,"minecraft:time_since_rest":5269,"minecraft:damage_dealt":0,"minecraft:leave_game":1,"minecraft:play_time":5269,"minecraft:sprint_one_cm":6994,"minecraft:time_since_death":5269,"minecraft:walk_one_cm":6911,"minecraft:climb_one_cm":32,"minecraft:sneak_time":1,"minecraft:total_world_time":5269,"minecraft:fall_one_cm":209,"minecraft:fly_one_cm":359},"minecraft:mined":{"minecraft:grass":2,"minecraft:iron_bars":2,"create:polished_cut_calcite_wall":5}},"DataVersion":2975}