{"stats":{"minecraft:used":{"farmersdelight:shepherds_pie":2,"apocalypsenow:butterfly_knife":11,"minecraft:iron_bars":2,"quark:framed_glass_pane":1,"minecraft:bread":8,"minecraft:wooden_pickaxe":48,"minecraft:gravel":2,"minecraft:rotten_flesh":3,"minecraft:stone_bricks":3,"minecraft:crafting_table":1,"minecraft:torch":6,"quark:blossom_chest":2,"minecraft:cobblestone":4,"minecraft:dirt":2,"minecraft:potion":5,"minecraft:iron_trapdoor":1,"create:polished_cut_calcite_wall":3,"apocalypsenow:human_flesh":1,"quark:smooth_stone_vertical_slab":4},"minecraft:picked_up":{"quark:smooth_stone_vertical_slab":4,"minecraft:iron_trapdoor":1,"minecraft:torch":2,"minecraft:gravel":2,"minecraft:oak_log":4,"minecraft:string":2,"minecraft:dirt":12,"minecraft:bone":2,"minecraft:rotten_flesh":3,"immersiveengineering:seed":1,"minecraft:stone_bricks":3,"apocalypsenow:human_flesh":2,"quark:framed_glass_pane":1,"quark:blossom_chest":2,"create:polished_cut_calcite_wall":3,"minecraft:iron_bars":2,"minecraft:cobblestone":27},"minecraft:custom":{"minecraft:time_since_rest":7645,"minecraft:sprint_one_cm":54210,"lootr:looted_stat":3,"minecraft:damage_taken":790,"minecraft:walk_one_cm":119435,"minecraft:mob_kills":3,"minecraft:fridge_opened":1,"minecraft:drop":13,"minecraft:damage_dealt":495,"minecraft:interact_with_crafting_table":2,"minecraft:fly_one_cm":28565,"minecraft:freezer_opened":1,"minecraft:open_chest":3,"minecraft:crouch_one_cm":3364,"minecraft:play_time":29269,"minecraft:stove_opened":1,"minecraft:sneak_time":567,"minecraft:jump":198,"minecraft:leave_game":1,"minecraft:sleep_in_bed":1,"minecraft:time_since_death":29269,"minecraft:climb_one_cm":136,"minecraft:total_world_time":29269,"minecraft:fall_one_cm":2550},"minecraft:crafted":{"minecraft:air":21},"minecraft:dropped":{"firstaid:bandage":1,"tac:glock_17":5,"minecraft:wooden_pickaxe":1,"tac:9mm_round":300,"artifacts:bunny_hoppers":1},"minecraft:mined":{"quark:blossom_chest":2,"quark:smooth_stone_vertical_slab":5,"minecraft:grass":2,"minecraft:oak_log":4,"minecraft:grass_block":3,"quark:framed_glass_pane":1,"minecraft:iron_bars":2,"create:polished_cut_calcite_wall":5,"minecraft:gravel":2,"minecraft:dirt":9,"minecraft:stone":27,"minecraft:stone_bricks":3,"minecraft:oak_leaves":2,"minecraft:iron_trapdoor":1,"minecraft:wall_torch":2,"minecraft:spawner":3},"minecraft:broken":{"minecraft:wooden_pickaxe":1},"minecraft:killed":{"minecraft:zombie":2,"minecraft:zombie_villager":1}},"DataVersion":2975}