{"stats":{"minecraft:killed_by":{"undead_revamp2:thesmoker":1},"minecraft:used":{"farmersdelight:shepherds_pie":3,"pfm:oak_brown_simple_bed":8,"apocalypsenow:butterfly_knife":11,"minecraft:iron_bars":2,"minecraft:stone_sword":15,"quark:framed_glass_pane":1,"minecraft:stone_pickaxe":5,"minecraft:wooden_pickaxe":48,"embellishcraft:air_duct":1,"minecraft:rotten_flesh":3,"minecraft:torch":7,"minecraft:dirt":2,"minecraft:crafting_table":1,"embellishcraft:smooth_marble":2,"minecraft:bread":8,"minecraft:gravel":2,"minecraft:stone_bricks":3,"minecraft:stone_axe":17,"quark:blossom_chest":2,"minecraft:potion":5,"minecraft:cobblestone":4,"minecraft:iron_trapdoor":1,"apocalypsenow:peach_juice":2,"create:polished_cut_calcite_wall":3,"minecraft:egg":2,"quark:smooth_stone_vertical_slab":4,"apocalypsenow:human_flesh":1},"minecraft:picked_up":{"minecraft:crafting_table":1,"minecraft:leather_chestplate":1,"apocalypsenow:peach_juice":2,"minecraft:iron_trapdoor":1,"apocalypsenow:cereal":3,"minecraft:oak_log":4,"minecraft:dirt":12,"minecraft:string":9,"minecraft:stripped_birch_log":16,"minecraft:bone":2,"minecraft:stone_bricks":3,"apocalypsenow:human_flesh":6,"create:polished_cut_calcite_wall":3,"minecraft:oak_planks":1,"quark:smooth_stone_vertical_slab":4,"embellishcraft:smooth_marble":2,"minecraft:torch":31,"minecraft:gravel":2,"minecraft:rotten_flesh":3,"immersiveengineering:seed":1,"pfm:oak_brown_simple_bed":10,"quark:framed_glass_pane":1,"embellishcraft:air_duct":1,"quark:blossom_chest":2,"minecraft:iron_bars":2,"minecraft:cobblestone":27},"minecraft:custom":{"lootr:looted_stat":10,"minecraft:mob_kills":4,"minecraft:interact_with_crafting_table":8,"minecraft:microwave_used":1,"minecraft:stove_opened":1,"minecraft:leave_game":1,"minecraft:time_since_death":6567,"minecraft:sleep_in_bed":1,"minecraft:climb_one_cm":136,"minecraft:time_since_rest":6594,"minecraft:sprint_one_cm":65479,"minecraft:damage_taken":1280,"minecraft:walk_one_cm":199226,"minecraft:fridge_opened":1,"minecraft:drop":29,"minecraft:damage_dealt":870,"minecraft:freezer_opened":1,"minecraft:fly_one_cm":33070,"minecraft:player_kills":1,"minecraft:open_chest":3,"minecraft:crouch_one_cm":5171,"minecraft:play_time":41269,"minecraft:deaths":2,"minecraft:sneak_time":569,"minecraft:jump":257,"minecraft:total_world_time":41269,"minecraft:fall_one_cm":4753},"minecraft:crafted":{"minecraft:stone_axe":1,"minecraft:air":39,"minecraft:stone_pickaxe":1},"minecraft:dropped":{"apocalypsenow:human_flesh":5,"minecraft:stone_sword":1,"tac:glock_17":5,"apocalypsenow:cereal":3,"minecraft:oak_planks":2,"quark:blossom_chest":2,"minecraft:leather_chestplate":4,"firstaid:bandage":1,"minecraft:torch":29,"minecraft:wooden_pickaxe":1,"tac:9mm_round":300,"immersiveengineering:seed":1,"farmersdelight:shepherds_pie":1,"artifacts:bunny_hoppers":1},"minecraft:mined":{"quark:smooth_stone_vertical_slab":5,"embellishcraft:air_duct":1,"minecraft:stripped_birch_log":16,"minecraft:crafting_table":1,"minecraft:grass_block":3,"quark:framed_glass_pane":1,"create:polished_cut_calcite_wall":5,"pfm:oak_brown_simple_bed":10,"minecraft:wall_torch":2,"minecraft:spawner":3,"quark:blossom_chest":2,"minecraft:grass":2,"embellishcraft:smooth_marble":2,"minecraft:oak_log":4,"minecraft:iron_bars":2,"minecraft:dirt":9,"minecraft:gravel":2,"minecraft:cobweb":7,"minecraft:stone_bricks":3,"minecraft:stone":27,"minecraft:oak_leaves":2,"minecraft:iron_trapdoor":1},"minecraft:broken":{"minecraft:wooden_pickaxe":1},"minecraft:killed":{"minecraft:zombie_villager":1,"undead_revamp2:thesmoker":1,"minecraft:zombie":3}},"DataVersion":2975}