{"stats":{"minecraft:used":{"minecraft:iron_bars":2,"minecraft:wooden_pickaxe":47,"minecraft:gravel":2,"minecraft:stone_bricks":3,"minecraft:torch":2,"quark:blossom_chest":2,"minecraft:dirt":2,"minecraft:iron_trapdoor":1,"create:polished_cut_calcite_wall":3,"quark:smooth_stone_vertical_slab":4},"minecraft:picked_up":{"quark:smooth_stone_vertical_slab":4,"minecraft:iron_trapdoor":1,"minecraft:torch":2,"minecraft:gravel":2,"minecraft:dirt":12,"minecraft:stone_bricks":3,"quark:blossom_chest":2,"create:polished_cut_calcite_wall":3,"minecraft:iron_bars":2,"minecraft:cobblestone":27},"minecraft:custom":{"minecraft:time_since_rest":17269,"minecraft:sprint_one_cm":14013,"lootr:looted_stat":2,"minecraft:damage_taken":14,"minecraft:walk_one_cm":52422,"minecraft:fridge_opened":1,"minecraft:drop":10,"minecraft:damage_dealt":0,"minecraft:fly_one_cm":3756,"minecraft:freezer_opened":1,"minecraft:open_chest":3,"minecraft:crouch_one_cm":1430,"minecraft:play_time":17269,"minecraft:stove_opened":1,"minecraft:sneak_time":305,"minecraft:jump":84,"minecraft:leave_game":1,"minecraft:time_since_death":17269,"minecraft:climb_one_cm":50,"minecraft:total_world_time":17269,"minecraft:fall_one_cm":836},"minecraft:dropped":{"tac:glock_17":5,"tac:9mm_round":300},"minecraft:mined":{"quark:blossom_chest":2,"quark:smooth_stone_vertical_slab":5,"minecraft:grass":2,"minecraft:grass_block":3,"minecraft:iron_bars":2,"create:polished_cut_calcite_wall":5,"minecraft:gravel":2,"minecraft:dirt":9,"minecraft:stone":27,"minecraft:stone_bricks":3,"minecraft:iron_trapdoor":1,"minecraft:wall_torch":2,"minecraft:spawner":2},"minecraft:broken":{"minecraft:wooden_pickaxe":1}},"DataVersion":2975}