{"stats":{"minecraft:killed_by":{"minecraft:player":1,"undead_revamp2:thesmoker":1},"minecraft:used":{"farmersdelight:shepherds_pie":3,"pfm:oak_brown_simple_bed":14,"apocalypsenow:butterfly_knife":11,"minecraft:iron_bars":2,"minecraft:stone_sword":123,"minecraft:stone_shovel":2,"quark:framed_glass_pane":1,"minecraft:stone_pickaxe":14,"minecraft:wooden_pickaxe":48,"minecraft:iron_sword":169,"embellishcraft:air_duct":1,"minecraft:rotten_flesh":3,"minecraft:torch":14,"minecraft:dirt":8,"apocalypsenow:apple_juice":1,"minecraft:crafting_table":3,"embellishcraft:smooth_marble":2,"minecraft:bread":8,"minecraft:gravel":2,"minecraft:stone_bricks":3,"pfm:dark_oak_green_simple_bed":1,"minecraft:stone_axe":75,"quark:blossom_chest":2,"minecraft:potion":5,"minecraft:cobblestone":4,"minecraft:iron_trapdoor":2,"apocalypsenow:peach_juice":2,"create:polished_cut_calcite_wall":3,"farmersdelight:fruit_salad":1,"apocalypsenow:construction_boots":1,"apocalypsenow:cereal":3,"minecraft:egg":2,"quark:smooth_stone_vertical_slab":4,"apocalypsenow:human_flesh":1},"minecraft:picked_up":{"tac:round45":2,"minecraft:crafting_table":2,"minecraft:leather_chestplate":1,"apocalypsenow:peach_juice":2,"minecraft:iron_trapdoor":2,"apocalypsenow:cereal":3,"minecraft:oak_log":4,"minecraft:dirt":18,"minecraft:string":66,"minecraft:stripped_birch_log":16,"minecraft:bone":40,"apocalypsenow:garden_fork":1,"minecraft:stone_bricks":3,"apocalypsenow:human_flesh":7,"apocalypsenow:construction_boots":2,"apocalypsenow:money":1,"tac:9mm_round":9,"create:polished_cut_calcite_wall":3,"minecraft:oak_planks":1,"apocalypsenow:red_football_armor_helmet":1,"quark:smooth_stone_vertical_slab":4,"embellishcraft:smooth_marble":2,"minecraft:torch":70,"sophisticatedbackpacks:backpack":1,"minecraft:gravel":2,"minecraft:rotten_flesh":23,"immersiveengineering:seed":1,"pfm:oak_brown_simple_bed":15,"quark:framed_glass_pane":1,"apocalypsenow:blue_football_armor_chestplate":1,"embellishcraft:air_duct":1,"quark:blossom_chest":2,"pfm:dark_oak_green_simple_bed":3,"minecraft:iron_bars":2,"minecraft:cobblestone":27},"minecraft:custom":{"lootr:looted_stat":16,"minecraft:mob_kills":56,"minecraft:interact_with_crafting_table":12,"minecraft:open_barrel":2,"minecraft:microwave_used":1,"minecraft:stove_opened":1,"minecraft:leave_game":1,"minecraft:time_since_death":9508,"minecraft:sleep_in_bed":4,"minecraft:climb_one_cm":645,"minecraft:time_since_rest":4032,"minecraft:sprint_one_cm":90020,"minecraft:damage_taken":1866,"minecraft:walk_one_cm":301270,"minecraft:fridge_opened":2,"minecraft:drop":46,"minecraft:damage_dealt":14952,"minecraft:freezer_opened":1,"minecraft:fly_one_cm":45502,"minecraft:player_kills":1,"minecraft:open_chest":3,"minecraft:crouch_one_cm":9127,"minecraft:play_time":65269,"minecraft:deaths":3,"minecraft:sneak_time":1979,"minecraft:jump":401,"minecraft:total_world_time":65269,"minecraft:fall_one_cm":7167},"minecraft:crafted":{"minecraft:stone_shovel":1,"minecraft:iron_sword":1,"apocalypsenow:construction_boots":1,"minecraft:stone_axe":2,"minecraft:air":56,"minecraft:stone_pickaxe":1,"minecraft:stone_sword":1},"minecraft:dropped":{"apocalypsenow:human_flesh":6,"minecraft:stone_sword":1,"minecraft:bowl":4,"tac:glock_17":6,"minecraft:rotten_flesh":20,"apocalypsenow:cereal":3,"minecraft:oak_planks":2,"sophisticatedbackpacks:backpack":1,"apocalypsenow:red_football_armor_helmet":1,"quark:blossom_chest":2,"pfm:dark_oak_green_simple_bed":1,"apocalypsenow:blue_football_armor_chestplate":1,"minecraft:leather_chestplate":4,"firstaid:bandage":1,"minecraft:torch":68,"apocalypsenow:garden_fork":2,"minecraft:wooden_pickaxe":1,"firstaid:plaster":5,"tac:9mm_round":360,"immersiveengineering:seed":1,"farmersdelight:shepherds_pie":1,"artifacts:bunny_hoppers":1},"minecraft:mined":{"pfm:dark_oak_green_simple_bed":2,"quark:smooth_stone_vertical_slab":5,"embellishcraft:air_duct":1,"minecraft:stripped_birch_log":16,"minecraft:crafting_table":3,"minecraft:torch":1,"minecraft:grass_block":3,"quark:framed_glass_pane":1,"create:polished_cut_calcite_wall":5,"embellishcraft:gneiss_large_bricks_wall":2,"pfm:oak_brown_simple_bed":15,"minecraft:iron_door":2,"minecraft:wall_torch":2,"minecraft:spawner":6,"quark:blossom_chest":2,"minecraft:grass":2,"embellishcraft:smooth_marble":2,"minecraft:oak_log":4,"minecraft:iron_bars":2,"minecraft:dirt":15,"minecraft:gravel":2,"minecraft:cobweb":12,"minecraft:stone_bricks":3,"minecraft:stone":27,"create:dark_oak_window_pane":5,"minecraft:oak_leaves":2,"minecraft:iron_trapdoor":2},"minecraft:broken":{"minecraft:stone_axe":1,"minecraft:stone_sword":1,"minecraft:wooden_pickaxe":1},"minecraft:killed":{"zombie_extreme:crawler":1,"minecraft:husk":10,"minecraft:zombie_villager":1,"undead_revamp2:the_moonflower":2,"undead_revamp2:thesmoker":4,"undead_revamp2:bomber":2,"minecraft:zombie":35,"undead_revamp2:thepregnant":1}},"DataVersion":2975}