{"stats":{"minecraft:killed_by":{"minecraft:player":1},"minecraft:used":{"minecraft:stone_sword":70,"minecraft:bread":8,"minecraft:oak_planks":1,"minecraft:wooden_pickaxe":3,"minecraft:potion":2},"minecraft:picked_up":{"minecraft:dark_oak_sapling":1,"firstaid:plaster":5,"minecraft:leather_chestplate":1,"tac:glock_17":1,"minecraft:iron_door":2,"artifacts:bunny_hoppers":1,"minecraft:wooden_pickaxe":1,"sophisticatedbackpacks:backpack":1,"farmersdelight:shepherds_pie":1,"embellishcraft:gneiss_large_bricks_wall":1,"minecraft:stone_sword":1,"minecraft:bone":2,"minecraft:rotten_flesh":5,"apocalypsenow:garden_fork":1,"pfm:oak_brown_simple_bed":1,"apocalypsenow:blue_football_armor_chestplate":1,"apocalypsenow:red_football_armor_boots":1,"tac:9mm_round":60,"create:polished_cut_calcite_wall":1,"minecraft:oak_planks":1,"minecraft:iron_bars":1,"apocalypsenow:red_football_armor_helmet":1},"minecraft:custom":{"minecraft:time_since_rest":4032,"lootr:looted_stat":3,"minecraft:sprint_one_cm":43119,"minecraft:damage_taken":809,"minecraft:walk_one_cm":279538,"minecraft:mob_kills":12,"minecraft:drop":4,"minecraft:damage_dealt":2728,"minecraft:fly_one_cm":9301,"minecraft:player_kills":1,"minecraft:open_barrel":1,"minecraft:crouch_one_cm":3864,"minecraft:play_time":63572,"minecraft:stove_opened":1,"minecraft:deaths":1,"minecraft:sneak_time":253,"minecraft:jump":279,"minecraft:leave_game":1,"minecraft:time_since_death":28025,"minecraft:sleep_in_bed":4,"minecraft:total_world_time":63572,"minecraft:climb_one_cm":2298,"minecraft:fall_one_cm":4458},"minecraft:dropped":{"apocalypsenow:peach_juice":3,"sophisticatedbackpacks:backpack":1},"minecraft:mined":{"minecraft:iron_bars":1,"pfm:oak_brown_simple_bed":1,"minecraft:spawner":1},"minecraft:killed":{"minecraft:husk":1,"minecraft:zombie":4,"minecraft:zombie_villager":1,"undead_revamp2:thesmoker":1,"undead_revamp2:thepregnant":2,"zombie_extreme:runner":1}},"DataVersion":2975}