{"stats":{"minecraft:killed_by":{"minecraft:player":1},"minecraft:used":{"minecraft:stone_sword":7,"minecraft:potion":2,"minecraft:bread":8,"minecraft:wooden_pickaxe":2},"minecraft:picked_up":{"minecraft:dark_oak_sapling":1,"minecraft:stone_sword":1,"minecraft:leather_chestplate":1,"tac:glock_17":1,"minecraft:rotten_flesh":1,"artifacts:bunny_hoppers":1,"minecraft:wooden_pickaxe":1,"farmersdelight:shepherds_pie":1,"create:polished_cut_calcite_wall":1,"tac:9mm_round":60,"minecraft:oak_planks":1,"minecraft:iron_bars":1},"minecraft:custom":{"minecraft:time_since_rest":4065,"lootr:looted_stat":2,"minecraft:deaths":1,"minecraft:crouch_one_cm":3609,"minecraft:walk_one_cm":183975,"minecraft:sprint_one_cm":20859,"minecraft:play_time":39572,"minecraft:stove_opened":1,"minecraft:damage_taken":589,"minecraft:sneak_time":182,"minecraft:mob_kills":2,"minecraft:drop":3,"minecraft:jump":161,"minecraft:damage_dealt":401,"minecraft:leave_game":1,"minecraft:time_since_death":4025,"minecraft:sleep_in_bed":1,"minecraft:climb_one_cm":1686,"minecraft:total_world_time":39572,"minecraft:fall_one_cm":2835,"minecraft:fly_one_cm":5612},"minecraft:dropped":{"apocalypsenow:peach_juice":3},"minecraft:mined":{"minecraft:iron_bars":1},"minecraft:killed":{"minecraft:husk":1}},"DataVersion":2975}