{"stats":{"minecraft:used":{"minecraft:potion":2,"minecraft:wooden_pickaxe":2},"minecraft:picked_up":{"tac:glock_17":1,"artifacts:bunny_hoppers":1,"minecraft:wooden_pickaxe":1,"create:polished_cut_calcite_wall":1,"tac:9mm_round":60,"minecraft:iron_bars":1},"minecraft:custom":{"minecraft:time_since_rest":7578,"minecraft:crouch_one_cm":549,"minecraft:walk_one_cm":127221,"minecraft:sprint_one_cm":14682,"minecraft:play_time":27572,"minecraft:stove_opened":1,"minecraft:damage_taken":40,"minecraft:sneak_time":91,"minecraft:jump":113,"minecraft:damage_dealt":0,"minecraft:leave_game":1,"minecraft:time_since_death":27572,"minecraft:sleep_in_bed":1,"minecraft:climb_one_cm":699,"minecraft:total_world_time":27572,"minecraft:fall_one_cm":1651,"minecraft:fly_one_cm":4276},"minecraft:mined":{"minecraft:iron_bars":1}},"DataVersion":2975}