{"stats":{"minecraft:killed_by":{"minecraft:player":2},"minecraft:used":{"pfm:oak_brown_simple_bed":1,"minecraft:stone_sword":93,"minecraft:bread":8,"minecraft:oak_planks":1,"minecraft:wooden_pickaxe":10,"pfm:dark_oak_green_simple_bed":1,"farmersdelight:chicken_sandwich":1,"minecraft:potion":6},"minecraft:picked_up":{"minecraft:dark_oak_sapling":1,"firstaid:plaster":7,"minecraft:leather_chestplate":1,"tac:glock_17":1,"minecraft:iron_door":2,"artifacts:bunny_hoppers":1,"minecraft:wooden_pickaxe":1,"sophisticatedbackpacks:backpack":2,"farmersdelight:shepherds_pie":1,"embellishcraft:gneiss_large_bricks_wall":1,"minecraft:stone_sword":1,"minecraft:bone":8,"minecraft:rotten_flesh":9,"apocalypsenow:garden_fork":1,"apocalypsenow:human_flesh":3,"minecraft:wheat_seeds":1,"pfm:oak_brown_simple_bed":2,"apocalypsenow:blue_football_armor_chestplate":1,"apocalypsenow:red_football_armor_boots":1,"tac:9mm_round":60,"create:polished_cut_calcite_wall":1,"pfm:dark_oak_green_simple_bed":2,"minecraft:oak_planks":1,"minecraft:iron_bars":1,"apocalypsenow:red_football_armor_helmet":1},"minecraft:custom":{"minecraft:time_since_rest":1840,"lootr:looted_stat":3,"minecraft:sprint_one_cm":67187,"minecraft:damage_taken":1484,"minecraft:walk_one_cm":341878,"minecraft:mob_kills":16,"minecraft:drop":5,"minecraft:damage_dealt":3660,"minecraft:fly_one_cm":13825,"minecraft:player_kills":2,"minecraft:open_barrel":1,"minecraft:crouch_one_cm":3960,"minecraft:play_time":75572,"minecraft:stove_opened":1,"minecraft:deaths":2,"minecraft:walk_under_water_one_cm":1115,"minecraft:sneak_time":259,"minecraft:jump":452,"minecraft:leave_game":1,"minecraft:walk_on_water_one_cm":5451,"minecraft:time_since_death":6333,"minecraft:sleep_in_bed":6,"minecraft:total_world_time":75572,"minecraft:climb_one_cm":4278,"minecraft:fall_one_cm":6223},"minecraft:dropped":{"apocalypsenow:peach_juice":3,"sophisticatedbackpacks:backpack":2},"minecraft:mined":{"pfm:dark_oak_green_simple_bed":1,"minecraft:grass":2,"minecraft:iron_bars":1,"pfm:oak_brown_simple_bed":2,"minecraft:spawner":1},"minecraft:broken":{"apocalypsenow:red_football_armor_boots":1},"minecraft:killed":{"minecraft:husk":1,"minecraft:zombie":5,"minecraft:zombie_villager":1,"undead_revamp2:thesmoker":4,"undead_revamp2:thepregnant":2,"zombie_extreme:runner":2}},"DataVersion":2975}