{"stats":{"minecraft:killed_by":{"minecraft:player":1},"minecraft:used":{"minecraft:stone_sword":57,"minecraft:bread":8,"minecraft:wooden_pickaxe":3,"minecraft:potion":2},"minecraft:picked_up":{"minecraft:dark_oak_sapling":1,"minecraft:leather_chestplate":1,"tac:glock_17":1,"minecraft:iron_door":2,"artifacts:bunny_hoppers":1,"minecraft:wooden_pickaxe":1,"farmersdelight:shepherds_pie":1,"minecraft:stone_sword":1,"minecraft:bone":2,"minecraft:rotten_flesh":5,"apocalypsenow:red_football_armor_boots":1,"tac:9mm_round":60,"create:polished_cut_calcite_wall":1,"minecraft:oak_planks":1,"minecraft:iron_bars":1,"apocalypsenow:red_football_armor_helmet":1},"minecraft:custom":{"minecraft:time_since_rest":7720,"lootr:looted_stat":2,"minecraft:sprint_one_cm":23351,"minecraft:damage_taken":759,"minecraft:walk_one_cm":231788,"minecraft:mob_kills":7,"minecraft:drop":3,"minecraft:damage_dealt":2259,"minecraft:fly_one_cm":5744,"minecraft:crouch_one_cm":3864,"minecraft:play_time":51572,"minecraft:stove_opened":1,"minecraft:deaths":1,"minecraft:sneak_time":248,"minecraft:jump":213,"minecraft:leave_game":1,"minecraft:time_since_death":16025,"minecraft:sleep_in_bed":3,"minecraft:total_world_time":51572,"minecraft:climb_one_cm":1686,"minecraft:fall_one_cm":3843},"minecraft:dropped":{"apocalypsenow:peach_juice":3},"minecraft:mined":{"minecraft:iron_bars":1,"minecraft:spawner":1},"minecraft:killed":{"minecraft:husk":1,"minecraft:zombie":2,"minecraft:zombie_villager":1,"undead_revamp2:thesmoker":1,"zombie_extreme:runner":1}},"DataVersion":2975}