{"stats":{"minecraft:killed_by":{"minecraft:player":3,"undead_revamp2:thesmoker":1},"minecraft:used":{"pfm:oak_brown_simple_bed":1,"minecraft:stone_sword":129,"minecraft:oak_planks":1,"minecraft:wooden_pickaxe":34,"farmersdelight:chicken_sandwich":1,"apocalypsenow:garden_fork":4,"minecraft:bread":8,"pfm:dark_oak_green_simple_bed":2,"minecraft:potion":6},"minecraft:picked_up":{"minecraft:leather_chestplate":1,"tac:glock_17":1,"minecraft:iron_door":2,"artifacts:bunny_hoppers":1,"minecraft:wooden_pickaxe":1,"farmersdelight:shepherds_pie":1,"embellishcraft:gneiss_large_bricks_wall":1,"minecraft:bone":8,"apocalypsenow:garden_fork":1,"minecraft:wheat_seeds":1,"apocalypsenow:human_flesh":4,"apocalypsenow:serrated_machete":1,"create:polished_cut_calcite_wall":1,"tac:9mm_round":60,"minecraft:oak_planks":1,"apocalypsenow:red_football_armor_helmet":1,"minecraft:dark_oak_sapling":1,"firstaid:plaster":7,"minecraft:stick":4,"minecraft:torch":1,"sophisticatedbackpacks:backpack":2,"minecraft:stone_sword":1,"minecraft:rotten_flesh":11,"immersiveengineering:seed":1,"pfm:oak_brown_simple_bed":2,"apocalypsenow:red_football_armor_boots":1,"apocalypsenow:blue_football_armor_chestplate":1,"pfm:dark_oak_green_simple_bed":2,"minecraft:iron_bars":1,"minecraft:coal":6,"minecraft:cobblestone":1},"minecraft:custom":{"lootr:looted_stat":3,"minecraft:mob_kills":17,"minecraft:open_barrel":1,"minecraft:stove_opened":1,"minecraft:damage_dealt_resisted":320,"minecraft:leave_game":1,"minecraft:time_since_death":6243,"minecraft:sleep_in_bed":6,"minecraft:climb_one_cm":4278,"minecraft:time_since_rest":6288,"minecraft:sprint_one_cm":71125,"minecraft:damage_taken":2136,"minecraft:walk_one_cm":437235,"minecraft:drop":13,"minecraft:damage_dealt":5242,"minecraft:talked_to_villager":1,"minecraft:fly_one_cm":16494,"minecraft:player_kills":2,"minecraft:crouch_one_cm":4193,"minecraft:play_time":87572,"minecraft:deaths":4,"minecraft:sneak_time":259,"minecraft:walk_under_water_one_cm":1115,"minecraft:jump":541,"minecraft:walk_on_water_one_cm":5451,"minecraft:total_world_time":87572,"minecraft:fall_one_cm":9073},"minecraft:dropped":{"minecraft:wheat_seeds":1,"create:polished_cut_calcite_wall":1,"minecraft:dark_oak_sapling":1,"embellishcraft:gneiss_large_bricks_wall":1,"minecraft:rotten_flesh":9,"sophisticatedbackpacks:backpack":2,"apocalypsenow:peach_juice":3,"minecraft:iron_door":2,"minecraft:iron_bars":1,"immersiveengineering:seed":1},"minecraft:mined":{"pfm:dark_oak_green_simple_bed":1,"pfm:oak_brown_simple_bed":2,"minecraft:spawner":1,"minecraft:grass":4,"biomesoplenty:clover":1,"minecraft:coal_ore":6,"minecraft:iron_bars":1,"minecraft:stone":1},"minecraft:broken":{"minecraft:stone_sword":1,"apocalypsenow:red_football_armor_helmet":1,"apocalypsenow:red_football_armor_boots":1,"apocalypsenow:blue_football_armor_chestplate":1,"minecraft:wooden_pickaxe":1},"minecraft:killed":{"minecraft:husk":1,"minecraft:zombie_villager":1,"undead_revamp2:thesmoker":5,"minecraft:zombie":7,"undead_revamp2:thepregnant":2,"zombie_extreme:runner":2}},"DataVersion":2975}