{"stats":{"minecraft:picked_up":{"tac:glock_17":1,"tac:9mm_round":60,"create:polished_cut_calcite_wall":1},"minecraft:custom":{"minecraft:jump":75,"minecraft:time_since_rest":15572,"minecraft:damage_taken":30,"minecraft:crouch_one_cm":520,"minecraft:leave_game":1,"minecraft:play_time":15572,"minecraft:sprint_one_cm":2097,"minecraft:stove_opened":1,"minecraft:time_since_death":15572,"minecraft:walk_one_cm":88745,"minecraft:sneak_time":85,"minecraft:total_world_time":15572,"minecraft:climb_one_cm":699,"minecraft:fall_one_cm":896,"minecraft:fly_one_cm":128}},"DataVersion":2975}