{"stats":{"minecraft:used":{"apocalypsenow:dagger":1,"minecraft:wooden_pickaxe":4},"minecraft:picked_up":{"tac:glock_17":1,"minecraft:iron_trapdoor":1,"minecraft:iron_door":2,"minecraft:polished_blackstone_pressure_plate":1,"tac:9mm_round":60},"minecraft:custom":{"minecraft:time_since_rest":11729,"minecraft:walk_one_cm":38119,"minecraft:play_time":11729,"lootr:looted_stat":6,"minecraft:sprint_one_cm":5223,"minecraft:damage_taken":6,"minecraft:fridge_opened":2,"minecraft:jump":44,"minecraft:time_since_death":11729,"minecraft:total_world_time":11729,"minecraft:climb_one_cm":319,"minecraft:toilet_used":1,"minecraft:fall_one_cm":896,"minecraft:fly_one_cm":11396},"minecraft:mined":{"minecraft:cobweb":1,"minecraft:iron_door":2,"minecraft:iron_trapdoor":1,"minecraft:spawner":1}},"DataVersion":2975}