{"stats":{"minecraft:killed_by":{"undead_revamp2:the_moonflower":1},"minecraft:used":{"createdeco:locked_cast_iron_door":1,"minecraft:bread":4,"minecraft:wooden_pickaxe":9,"apocalypsenow:dagger":42,"minecraft:potion":3,"farmersdelight:chicken_sandwich":1},"minecraft:picked_up":{"quark:light_gray_shard":8,"tac:glock_17":1,"minecraft:iron_trapdoor":1,"minecraft:iron_door":4,"createdeco:locked_cast_iron_door":1,"minecraft:rotten_flesh":2,"minecraft:polished_blackstone_pressure_plate":1,"apocalypsenow:human_flesh":3,"minecraft:bread":4,"tac:9mm_round":60,"firstaid:bandage":1,"quark:gray_shard":15,"minecraft:oak_sapling":1},"minecraft:custom":{"minecraft:time_since_rest":6796,"lootr:looted_stat":9,"minecraft:sprint_one_cm":27384,"minecraft:damage_taken":538,"minecraft:walk_one_cm":91817,"minecraft:mob_kills":2,"minecraft:fridge_opened":2,"minecraft:drop":2,"minecraft:damage_dealt":1384,"minecraft:toilet_used":1,"minecraft:fly_one_cm":43589,"minecraft:player_kills":1,"minecraft:crouch_one_cm":4445,"minecraft:play_time":23729,"minecraft:deaths":1,"minecraft:jump":177,"minecraft:time_since_death":6759,"minecraft:walk_on_water_one_cm":71,"minecraft:climb_one_cm":1813,"minecraft:total_world_time":23729,"minecraft:fall_one_cm":1314},"minecraft:crafted":{"apocalypsenow:dagger":1},"minecraft:dropped":{"apocalypsenow:human_flesh":1,"minecraft:bread":4},"minecraft:mined":{"minecraft:light_gray_stained_glass":2,"createdeco:locked_cast_iron_door":1,"minecraft:gray_stained_glass":4,"minecraft:cobweb":1,"minecraft:iron_door":4,"minecraft:iron_trapdoor":1,"minecraft:spawner":2},"minecraft:killed":{"minecraft:zombie":1}},"DataVersion":2975}