{"stats":{"minecraft:killed_by":{"undead_revamp2:the_moonflower":1,"minecraft:zombie":1,"zombie_extreme:runner":1},"minecraft:used":{"createdeco:locked_cast_iron_door":1,"minecraft:bread":4,"minecraft:wooden_pickaxe":22,"minecraft:smooth_quartz":1,"minecraft:stone_bricks":1,"minecraft:torch":5,"apocalypsenow:dagger":43,"minecraft:potion":4,"farmersdelight:chicken_sandwich":1,"alexsmobs:animal_dictionary":1,"apocalypsenow:pipe_wrench":70},"minecraft:picked_up":{"quark:light_gray_shard":8,"firstaid:plaster":5,"tac:glock_17":1,"minecraft:iron_trapdoor":1,"minecraft:iron_door":8,"minecraft:potato":1,"apocalypsenow:orange_juice":1,"alexsmobs:animal_dictionary":1,"createdeco:locked_cast_iron_door":1,"minecraft:bone":8,"minecraft:rotten_flesh":7,"minecraft:stone_bricks":1,"minecraft:polished_blackstone_pressure_plate":1,"apocalypsenow:human_flesh":6,"minecraft:smooth_quartz":1,"minecraft:bread":4,"tac:9mm_round":64,"firstaid:bandage":1,"quark:gray_shard":15,"minecraft:oak_sapling":1},"minecraft:custom":{"minecraft:time_since_rest":8576,"lootr:looted_stat":11,"minecraft:sprint_one_cm":67582,"minecraft:damage_taken":1528,"minecraft:walk_one_cm":242540,"minecraft:mob_kills":14,"minecraft:fridge_opened":5,"minecraft:drop":18,"minecraft:damage_dealt":4046,"minecraft:toilet_used":1,"minecraft:freezer_opened":2,"minecraft:fly_one_cm":106903,"minecraft:player_kills":1,"minecraft:crouch_one_cm":7961,"minecraft:stove_opened":2,"minecraft:play_time":59729,"minecraft:deaths":3,"minecraft:sneak_time":168,"minecraft:trashcan_opened":1,"minecraft:damage_dealt_resisted":38,"minecraft:jump":449,"minecraft:drawer_searched":2,"minecraft:time_since_death":3944,"minecraft:walk_on_water_one_cm":71,"minecraft:sleep_in_bed":1,"minecraft:climb_one_cm":1838,"minecraft:total_world_time":59729,"minecraft:fall_one_cm":5484,"minecraft:cabinet_searched":4},"minecraft:crafted":{"apocalypsenow:dagger":1},"minecraft:dropped":{"apocalypsenow:human_flesh":3,"create:sweet_roll":7,"farmersdelight:hamburger":1,"minecraft:bread":4,"apocalypsenow:coffee":3,"alexsmobs:animal_dictionary":1,"apocalypsenow:orange_juice":2,"apocalypsenow:dagger":1,"minecraft:iron_door":1,"apocalypsenow:porpsi":3,"minecraft:potion":6,"apocalypsenow:cereal":4,"firstaid:plaster":10,"apocalypsenow:vodka":2,"apocalypsenow:baseball_bat":1},"minecraft:mined":{"minecraft:black_stained_glass_pane":1,"minecraft:light_gray_stained_glass":2,"createdeco:locked_cast_iron_door":1,"minecraft:torch":1,"create:vertical_framed_glass_pane":1,"minecraft:grass_block":1,"minecraft:gray_stained_glass":4,"minecraft:smooth_quartz":1,"minecraft:cobweb":1,"minecraft:stone_bricks":1,"minecraft:iron_door":8,"minecraft:iron_trapdoor":1,"minecraft:wall_torch":1,"minecraft:spawner":8},"minecraft:killed":{"minecraft:husk":3,"minecraft:zombie":6,"zombie_extreme:runner":1}},"DataVersion":2975}