{"stats":{"minecraft:killed_by":{"undead_revamp2:the_moonflower":1},"minecraft:used":{"createdeco:locked_cast_iron_door":1,"minecraft:bread":4,"minecraft:wooden_pickaxe":18,"apocalypsenow:dagger":42,"minecraft:potion":3,"farmersdelight:chicken_sandwich":1,"alexsmobs:animal_dictionary":1},"minecraft:picked_up":{"quark:light_gray_shard":8,"firstaid:plaster":5,"tac:glock_17":1,"minecraft:iron_trapdoor":1,"minecraft:iron_door":8,"apocalypsenow:orange_juice":1,"alexsmobs:animal_dictionary":1,"createdeco:locked_cast_iron_door":1,"minecraft:rotten_flesh":2,"minecraft:polished_blackstone_pressure_plate":1,"apocalypsenow:human_flesh":3,"minecraft:bread":4,"tac:9mm_round":60,"firstaid:bandage":1,"quark:gray_shard":15,"minecraft:oak_sapling":1},"minecraft:custom":{"minecraft:time_since_rest":18796,"lootr:looted_stat":10,"minecraft:sprint_one_cm":28607,"minecraft:damage_taken":538,"minecraft:walk_one_cm":142203,"minecraft:mob_kills":2,"minecraft:fridge_opened":2,"minecraft:drop":16,"minecraft:damage_dealt":1384,"minecraft:toilet_used":1,"minecraft:freezer_opened":1,"minecraft:fly_one_cm":43615,"minecraft:player_kills":1,"minecraft:crouch_one_cm":4445,"minecraft:stove_opened":1,"minecraft:play_time":35729,"minecraft:deaths":1,"minecraft:trashcan_opened":1,"minecraft:jump":198,"minecraft:drawer_searched":1,"minecraft:time_since_death":18759,"minecraft:walk_on_water_one_cm":71,"minecraft:climb_one_cm":1813,"minecraft:total_world_time":35729,"minecraft:fall_one_cm":1792,"minecraft:cabinet_searched":3},"minecraft:crafted":{"apocalypsenow:dagger":1},"minecraft:dropped":{"apocalypsenow:human_flesh":3,"create:sweet_roll":7,"farmersdelight:hamburger":1,"minecraft:bread":4,"apocalypsenow:coffee":3,"alexsmobs:animal_dictionary":1,"apocalypsenow:orange_juice":2,"minecraft:iron_door":1,"apocalypsenow:porpsi":3,"minecraft:potion":6,"firstaid:plaster":10,"apocalypsenow:vodka":2,"apocalypsenow:baseball_bat":1},"minecraft:mined":{"minecraft:light_gray_stained_glass":2,"createdeco:locked_cast_iron_door":1,"minecraft:gray_stained_glass":4,"minecraft:cobweb":1,"minecraft:iron_door":8,"minecraft:iron_trapdoor":1,"minecraft:spawner":7},"minecraft:killed":{"minecraft:zombie":1}},"DataVersion":2975}