{"stats":{"minecraft:killed_by":{"undead_revamp2:thesmoker":1,"minecraft:zombie":2},"minecraft:used":{"pfm:oak_brown_simple_bed":2,"apocalypsenow:butterfly_knife":5,"minecraft:bread":4,"minecraft:wooden_pickaxe":23,"minecraft:torch":5,"minecraft:dirt":1,"minecraft:potion":12,"apocalypsenow:peach_juice":1},"minecraft:picked_up":{"minecraft:dark_oak_sapling":2,"quark:smooth_stone_vertical_slab":1,"tac:glock_17":1,"apocalypsenow:peach_juice":1,"minecraft:wooden_pickaxe":1,"minecraft:string":4,"minecraft:dirt":1,"minecraft:rotten_flesh":4,"apocalypsenow:human_flesh":6,"pfm:oak_brown_simple_bed":4,"create:polished_cut_calcite_wall":4,"tac:9mm_round":60},"minecraft:custom":{"minecraft:time_since_rest":11706,"lootr:looted_stat":9,"minecraft:sprint_one_cm":167823,"minecraft:damage_taken":990,"minecraft:walk_one_cm":159608,"minecraft:mob_kills":5,"minecraft:fridge_opened":4,"minecraft:drop":4,"minecraft:damage_dealt":82,"minecraft:fly_one_cm":114953,"minecraft:freezer_opened":3,"minecraft:crouch_one_cm":5149,"minecraft:play_time":41772,"minecraft:deaths":3,"minecraft:sneak_time":72,"minecraft:walk_under_water_one_cm":313,"minecraft:jump":592,"minecraft:damage_dealt_resisted":119,"minecraft:leave_game":1,"minecraft:time_since_death":11679,"minecraft:walk_on_water_one_cm":214,"minecraft:climb_one_cm":2995,"minecraft:total_world_time":41772,"minecraft:fall_one_cm":7872},"minecraft:dropped":{"minecraft:dark_oak_sapling":2,"pfm:oak_brown_simple_bed":1,"minecraft:wooden_pickaxe":1},"minecraft:mined":{"minecraft:dark_oak_planks":1,"another_furniture:light_gray_lamp":1,"minecraft:dark_oak_leaves":29,"minecraft:grass_block":3,"create:polished_cut_calcite_wall":4,"minecraft:dirt":1,"pfm:oak_brown_simple_bed":4,"minecraft:stone_bricks":3,"minecraft:oak_leaves":1,"create:dark_oak_window_pane":5,"minecraft:spawner":4},"minecraft:killed":{"minecraft:zombie":3,"undead_revamp2:thesmoker":2}},"DataVersion":2975}