{"stats":{"minecraft:used":{"minecraft:torch":5,"minecraft:dirt":1,"minecraft:potion":3,"minecraft:wooden_pickaxe":12},"minecraft:picked_up":{"minecraft:dark_oak_sapling":1,"quark:smooth_stone_vertical_slab":1,"tac:glock_17":1,"minecraft:wooden_pickaxe":1,"pfm:oak_brown_simple_bed":1,"tac:9mm_round":60,"create:polished_cut_calcite_wall":4,"minecraft:dirt":1},"minecraft:custom":{"minecraft:time_since_rest":16133,"lootr:looted_stat":6,"minecraft:play_time":16133,"minecraft:crouch_one_cm":304,"minecraft:sprint_one_cm":44977,"minecraft:walk_one_cm":70156,"minecraft:damage_taken":77,"minecraft:sneak_time":68,"minecraft:drop":1,"minecraft:fridge_opened":3,"minecraft:jump":113,"minecraft:damage_dealt":20,"minecraft:time_since_death":16133,"minecraft:total_world_time":16133,"minecraft:climb_one_cm":2521,"minecraft:freezer_opened":2,"minecraft:fall_one_cm":663,"minecraft:fly_one_cm":8949},"minecraft:dropped":{"minecraft:wooden_pickaxe":1},"minecraft:mined":{"minecraft:dark_oak_planks":1,"minecraft:grass_block":1,"another_furniture:light_gray_lamp":1,"create:polished_cut_calcite_wall":4,"minecraft:dark_oak_leaves":29,"pfm:oak_brown_simple_bed":2,"create:dark_oak_window_pane":3,"minecraft:spawner":1}},"DataVersion":2975}