{"stats":{"minecraft:used":{"minecraft:dirt":1},"minecraft:picked_up":{"minecraft:dirt":1},"minecraft:custom":{"minecraft:jump":42,"minecraft:time_since_rest":4133,"minecraft:crouch_one_cm":213,"minecraft:sprint_one_cm":11362,"minecraft:play_time":4133,"minecraft:time_since_death":4133,"minecraft:walk_one_cm":28187,"minecraft:sneak_time":16,"minecraft:climb_one_cm":1095,"minecraft:total_world_time":4133,"minecraft:fall_one_cm":663,"minecraft:fly_one_cm":2303},"minecraft:mined":{"minecraft:grass_block":1}},"DataVersion":2975}