{"stats":{"minecraft:killed_by":{"minecraft:zombie":1},"minecraft:used":{"minecraft:torch":5,"apocalypsenow:butterfly_knife":5,"minecraft:dirt":1,"minecraft:potion":6,"minecraft:bread":3,"minecraft:wooden_pickaxe":18},"minecraft:picked_up":{"minecraft:dark_oak_sapling":1,"quark:smooth_stone_vertical_slab":1,"tac:glock_17":1,"apocalypsenow:human_flesh":5,"minecraft:wooden_pickaxe":1,"pfm:oak_brown_simple_bed":1,"tac:9mm_round":60,"create:polished_cut_calcite_wall":4,"minecraft:dirt":1},"minecraft:custom":{"minecraft:deaths":1,"minecraft:time_since_rest":3221,"lootr:looted_stat":6,"minecraft:play_time":28133,"minecraft:crouch_one_cm":3783,"minecraft:sprint_one_cm":94172,"minecraft:walk_one_cm":101632,"minecraft:damage_taken":458,"minecraft:sneak_time":68,"minecraft:walk_under_water_one_cm":313,"minecraft:drop":1,"minecraft:fridge_opened":3,"minecraft:jump":272,"minecraft:damage_dealt":65,"minecraft:walk_on_water_one_cm":214,"minecraft:time_since_death":2969,"minecraft:total_world_time":28133,"minecraft:climb_one_cm":2521,"minecraft:freezer_opened":2,"minecraft:fall_one_cm":2553,"minecraft:fly_one_cm":44886},"minecraft:dropped":{"minecraft:wooden_pickaxe":1},"minecraft:mined":{"minecraft:dark_oak_planks":1,"minecraft:grass_block":3,"another_furniture:light_gray_lamp":1,"minecraft:dirt":1,"create:polished_cut_calcite_wall":4,"minecraft:dark_oak_leaves":29,"minecraft:stone_bricks":3,"pfm:oak_brown_simple_bed":2,"create:dark_oak_window_pane":3,"minecraft:spawner":1}},"DataVersion":2975}